Baseline,,Sample,,Sample2,,Sample3,,Sample4,,
Wavelength (nm),Abs,Wavelength (nm),Abs,Wavelength (nm),Abs,Wavelength (nm),Abs,Wavelength (nm),Abs,
599.9438477,0.0005042665871,599.9438477,0.003559501143,599.9438477,0.002584389411,599.9438477,0.002876479411,599.9438477,0.002079732018,
599.0552979,0.0001124373157,599.0552979,0.003329681931,599.0552979,0.002476335037,599.0552979,0.002592540346,599.0552979,0.001909320476,
598.0183105,0.0002758508199,598.0183105,0.00364469667,598.0183105,0.002629519906,598.0183105,0.002882525092,598.0183105,0.001735545113,
596.9810791,0.0001016660972,596.9810791,0.003545773216,596.9810791,0.002801412949,596.9810791,0.002788412385,596.9810791,0.002063033869,
595.9436035,0.0004337288265,595.9436035,0.003534133546,595.9436035,0.00286235637,595.9436035,0.002852819394,595.9436035,0.002017806051,
595.0540771,0.0003694722254,595.0540771,0.003963205498,595.0540771,0.002846982796,595.0540771,0.003051833017,595.0540771,0.002179154661,
594.0160522,0.0002498714603,594.0160522,0.00356610422,594.0160522,0.002916402183,594.0160522,0.002946268301,594.0160522,0.002105951076,
592.9777222,0.0003196022008,592.9777222,0.003935332876,592.9777222,0.002841146197,592.9777222,0.002726984443,592.9777222,0.002054710872,
591.9391479,-1.86374964E-5,591.9391479,0.003949464764,591.9391479,0.00278398348,591.9391479,0.002983043669,591.9391479,0.001974403393,
591.0487061,0.0004451042623,591.0487061,0.004001660738,591.0487061,0.003276523435,591.0487061,0.003194737947,591.0487061,0.00240820949,
590.0095825,0.0003061317839,590.0095825,0.004268824589,590.0095825,0.003010490444,590.0095825,0.003157110419,590.0095825,0.00240951078,
588.9701538,0.0001392370614,588.9701538,0.004509865306,588.9701538,0.003186263144,588.9701538,0.00311200344,588.9701538,0.002464515623,
587.930481,0.0003864682221,587.930481,0.004635014571,587.930481,0.003576987889,587.930481,0.003590403358,587.930481,0.00262858253,
587.0391235,0.0001662715076,587.0391235,0.004596686456,587.0391235,0.003605150618,587.0391235,0.003407814074,587.0391235,0.002677806653,
585.9989624,0.0003838514094,585.9989624,0.005113655701,585.9989624,0.004033534788,585.9989624,0.003576335264,585.9989624,0.003020134987,
584.9584961,0.000202812138,584.9584961,0.004998737946,584.9584961,0.003843551036,584.9584961,0.003580015386,584.9584961,0.002885834314,
584.0664673,-6.864416355E-5,584.0664673,0.005228525028,584.0664673,0.003901062533,584.0664673,0.003529149108,584.0664673,0.002898290521,
583.0254517,4.152307883E-5,583.0254517,0.005386693869,583.0254517,0.004025827162,583.0254517,0.003655007808,583.0254517,0.00306523242,
581.9842529,-5.549596972E-5,581.9842529,0.005552550312,581.9842529,0.004050021525,581.9842529,0.00386389601,581.9842529,0.002974755364,
580.942688,0.0003312336921,580.942688,0.006020760164,580.942688,0.004517633934,580.942688,0.004246264696,580.942688,0.003565399442,
580.0497437,0.000395484647,580.0497437,0.006283733062,580.0497437,0.004862724803,580.0497437,0.004307228141,580.0497437,0.003923133947,
579.0077515,0.0002357039193,579.0077515,0.00628536148,579.0077515,0.004814613145,579.0077515,0.004362866282,579.0077515,0.003661273047,
577.9653931,0.0001583733392,577.9653931,0.006671866868,577.9653931,0.004991589114,577.9653931,0.004542221781,577.9653931,0.003714034567,
577.0717773,8.333492588E-5,577.0717773,0.006950437557,577.0717773,0.00515821157,577.0717773,0.004652282689,577.0717773,0.003894193098,
576.0289917,-6.760888937E-5,576.0289917,0.007066557184,576.0289917,0.005220953375,576.0289917,0.004728350323,576.0289917,0.003899861127,
574.9859009,0.0003974278516,574.9859009,0.007258535828,574.9859009,0.005434030201,574.9859009,0.004962524399,574.9859009,0.003993848804,
573.9425659,-1.6307853E-5,573.9425659,0.007381557021,573.9425659,0.005575833376,573.9425659,0.004747794941,573.9425659,0.004017414525,
573.0480347,9.099871386E-5,573.0480347,0.007585739251,573.0480347,0.005581838079,573.0480347,0.005100925919,573.0480347,0.004173679277,
572.0041504,0.0001707774209,572.0041504,0.007731197868,572.0041504,0.005701342598,572.0041504,0.005117558409,572.0041504,0.004347831942,
570.960022,0.0002335542231,570.960022,0.007575544994,570.960022,0.005740293302,570.960022,0.004956397694,570.960022,0.004018981941,
570.0648804,0.0002343053202,570.0648804,0.007525920402,570.0648804,0.005620305892,570.0648804,0.005018403754,570.0648804,0.004196522757,
569.0202637,0.0002613198012,569.0202637,0.007612819783,569.0202637,0.005887181964,569.0202637,0.005188441835,569.0202637,0.004287960473,
567.9753418,0.0002846059215,567.9753418,0.007713543251,567.9753418,0.005797216669,567.9753418,0.004807205871,567.9753418,0.004242944997,
566.9301758,-0.0001416766754,566.9301758,0.007524550892,566.9301758,0.005788035225,566.9301758,0.004788099322,566.9301758,0.004151229281,
566.0341187,0.0001340323361,566.0341187,0.007471166085,566.0341187,0.005628356244,566.0341187,0.004958858714,566.0341187,0.00401386153,
564.9884644,0.0001360779715,564.9884644,0.007587820292,564.9884644,0.005613828544,564.9884644,0.004839819856,564.9884644,0.004189282656,
563.9425049,0.0001124632035,563.9425049,0.007152443752,563.9425049,0.005411174148,563.9425049,0.00491060596,563.9425049,0.004286679905,
563.0457764,-0.0001530626469,563.0457764,0.007132023107,563.0457764,0.005409286823,563.0457764,0.004775143694,563.0457764,0.003926425241,
561.9993896,6.228610437E-5,561.9993896,0.007279251702,561.9993896,0.005375686567,561.9993896,0.004607805051,561.9993896,0.003949464764,
560.9526978,-0.0001315843256,560.9526978,0.00691782264,560.9526978,0.005174531136,560.9526978,0.004552946892,560.9526978,0.003696568543,
560.0552979,0.0001019768024,560.0552979,0.007089579478,560.0552979,0.005219984334,560.0552979,0.004551481921,560.0552979,0.003938598093,
559.0081177,7.090745203E-5,559.0081177,0.007098157424,559.0081177,0.005433794111,559.0081177,0.004710634239,559.0081177,0.004010726232,
557.9606934,2.029507414E-5,557.9606934,0.006962905638,557.9606934,0.00521898875,557.9606934,0.004619918298,557.9606934,0.003864470636,
557.0626831,0.0002283483773,557.0626831,0.00719628809,557.0626831,0.005276970565,557.0626831,0.004687763751,557.0626831,0.004015010782,
556.0147095,5.187857823E-5,556.0147095,0.006816468202,556.0147095,0.005193471443,556.0147095,0.004611546174,556.0147095,0.003835768672,
554.9665527,-8.076346603E-6,554.9665527,0.006814311724,554.9665527,0.005047838669,554.9665527,0.004428187385,554.9665527,0.003707742551,
554.0678711,-1.123436505E-5,554.0678711,0.007016754244,554.0678711,0.005463047884,554.0678711,0.004610630684,554.0678711,0.003897353541,
553.0192261,0.0001176676669,553.0192261,0.007122339215,553.0192261,0.005387978163,553.0192261,0.004730889108,553.0192261,0.003932877444,
551.9702759,0.0001270151261,551.9702759,0.007260036189,551.9702759,0.005353934132,551.9702759,0.004626694601,551.9702759,0.003807094647,
551.0709839,0.0001122560643,551.0709839,0.007173181046,551.0709839,0.005390311126,551.0709839,0.0047615082,551.0709839,0.003934966866,
550.0215454,2.164120815E-5,550.0215454,0.007150812075,550.0215454,0.005385304801,550.0215454,0.00478885835,550.0215454,0.00397885358,
548.9718628,-0.0002132997615,548.9718628,0.007365864702,548.9718628,0.005418486893,548.9718628,0.004767920356,548.9718628,0.003978618421,
548.0718994,-4.390038157E-5,548.0718994,0.007693201769,548.0718994,0.005616792012,548.0718994,0.004868928809,548.0718994,0.004190092906,
547.0217285,1.405630792E-5,547.0217285,0.007750144694,547.0217285,0.005877893418,547.0217285,0.004949485417,547.0217285,0.004200286698,
545.9713135,7.460977213E-5,545.9713135,0.008175807074,545.9713135,0.006085753441,545.9713135,0.005273852497,545.9713135,0.004518653732,
545.0707397,4.685385647E-6,545.0707397,0.00831375923,545.0707397,0.006307685748,545.0707397,0.005489812698,545.0707397,0.004686272237,
544.0198364,6.72569513E-5,544.0198364,0.00893977657,544.0198364,0.006642164197,544.0198364,0.005765422713,544.0198364,0.004904636648,
542.968689,0.0001361556497,542.968689,0.009450251237,542.968689,0.006988816429,542.968689,0.006051943172,542.968689,0.005222682841,
542.0675049,0.0001089159268,542.0675049,0.01000640914,542.0675049,0.007467163261,542.0675049,0.006390217226,542.0675049,0.005530474707,
541.0158691,-8.158490527E-5,541.0158691,0.01055954024,541.0158691,0.007920966484,541.0158691,0.00667002704,541.0158691,0.005756241269,
539.9639893,5.024757047E-5,539.9639893,0.01150986645,539.9639893,0.008535618894,539.9639893,0.007315553259,539.9639893,0.006333452184,
539.0621338,0.0001107801872,539.0621338,0.0124627836,539.0621338,0.009347933345,539.0621338,0.007976673543,539.0621338,0.006836663466,
538.0097656,5.990426143E-5,538.0097656,0.01396248676,538.0097656,0.01033364888,538.0097656,0.008807542734,538.0097656,0.007626729086,
536.9571533,-7.231937343E-5,536.9571533,0.01560445502,536.9571533,0.01153916027,536.9571533,0.0099249091,536.9571533,0.008607696742,
536.0546875,-6.238070637E-5,536.0546875,0.01744959503,536.0546875,0.01301310584,536.0546875,0.01106284186,536.0546875,0.009469219483,
535.0016479,8.517318929E-5,535.0016479,0.02023940906,535.0016479,0.01497827657,535.0016479,0.01279382594,535.0016479,0.01120033301,
533.9483032,-2.526397111E-5,533.9483032,0.02286192589,533.9483032,0.01688323729,533.9483032,0.01444804575,533.9483032,0.01250879187,
533.0452271,9.436460823E-5,533.0452271,0.02546655759,533.0452271,0.01880953833,533.0452271,0.01606268249,533.0452271,0.01392057352,
531.991394,-5.798417988E-6,531.991394,0.03053416125,531.991394,0.02259687707,531.991394,0.01923114061,531.991394,0.01677285694,
530.9373779,0.0001051356448,530.9373779,0.03743917495,530.9373779,0.02762939408,530.9373779,0.02353975363,530.9373779,0.0205575712,
530.0336914,-6.782070614E-6,530.0336914,0.04403840005,530.0336914,0.03243161738,530.0336914,0.02759789117,530.0336914,0.02407475188,
528.979126,3.896013004E-5,528.979126,0.05207992718,528.979126,0.03834519163,528.979126,0.03268847615,528.979126,0.02856693231,
528.0750732,-5.694909078E-7,528.0750732,0.05951303244,528.0750732,0.043830432,528.0750732,0.03735614195,528.0750732,0.03264234588,
527.0200806,8.328314289E-5,527.0200806,0.07432571054,527.0200806,0.05453483388,527.0200806,0.04652927443,527.0200806,0.04064691067,
525.9648438,-5.358065027E-5,525.9648438,0.09384728968,525.9648438,0.06860847026,525.9648438,0.05868366733,525.9648438,0.05132786557,
525.0601807,3.028668743E-6,525.0601807,0.115080744,525.0601807,0.08449713141,525.0601807,0.07228859514,525.0601807,0.06297721714,
524.0044556,-2.521220085E-5,524.0044556,0.1444575489,524.0044556,0.1063227877,524.0044556,0.09083892405,524.0044556,0.07940170914,
522.9485474,-7.123234536E-5,522.9485474,0.1851994991,522.9485474,0.1362257004,522.9485474,0.1166491136,522.9485474,0.1017978862,
522.0432129,-8.024576346E-6,522.0432129,0.2203454673,522.0432129,0.1620217711,522.0432129,0.1385045052,522.0432129,0.1207922623,
520.9868164,-0.0002660779865,520.9868164,0.2792056799,520.9868164,0.2056659907,520.9868164,0.1762887686,520.9868164,0.1536701024,
519.9301758,-0.0002076593519,519.9301758,0.359251529,519.9301758,0.2642657757,519.9301758,0.226115182,519.9301758,0.1971488297,
519.024292,-7.248010661E-6,519.024292,0.4371555448,519.024292,0.3228836656,519.024292,0.2755273283,519.024292,0.240824908,
517.9671631,-9.281716484E-5,517.9671631,0.5399246812,517.9671631,0.398557961,517.9671631,0.3409384191,517.9671631,0.2976802588,
517.0609131,-2.987138032E-5,517.0609131,0.632114172,517.0609131,0.4653619528,517.0609131,0.3973477483,517.0609131,0.3489152193,
516.0033569,9.177545144E-5,516.0033569,0.757053256,516.0033569,0.5594710112,516.0033569,0.4792604744,516.0033569,0.4200142622,
514.9455566,-8.179888937E-6,514.9455566,0.8916965127,514.9455566,0.6581408381,514.9455566,0.5636321306,514.9455566,0.4939213991,
514.0386353,3.63971958E-5,514.0386353,1.029431701,514.0386353,0.7624863982,514.0386353,0.6517844796,514.0386353,0.5714917183,
512.9804077,-0.0002076593519,512.9804077,1.168372035,512.9804077,0.8679155707,512.9804077,0.7432394028,512.9804077,0.6504006386,
512.0731201,5.993015293E-5,512.0731201,1.285308957,512.0731201,0.9530258179,512.0731201,0.818643868,512.0731201,0.7161451578,
511.0144348,-0.0001534766634,511.0144348,1.391599059,511.0144348,1.036137223,511.0144348,0.8881678581,511.0144348,0.7777274847,
509.9554749,-6.134541036E-5,509.9554749,1.480706811,509.9554749,1.102929592,509.9554749,0.9465922117,509.9554749,0.8283373713,
509.0476379,-2.868070624E-5,509.0476379,1.539694905,509.0476379,1.152202129,509.0476379,0.9881241322,509.0476379,0.8650231361,
507.9882507,5.172324381E-5,507.9882507,1.588806272,507.9882507,1.186808825,507.9882507,1.019280672,507.9882507,0.8924353123,
506.9286194,-1.496183177E-5,506.9286194,1.601821065,506.9286194,1.198434353,506.9286194,1.028252244,506.9286194,0.8998060822,
506.0201721,-4.038023326E-5,506.0201721,1.593094587,506.0201721,1.191779375,506.0201721,1.022591352,506.0201721,0.8954303861,
504.960083,-0.0001119165026,504.960083,1.568321705,504.960083,1.173357129,504.960083,1.005300045,504.960083,0.8806306124,
504.0512695,-7.055941387E-5,504.0512695,1.537415862,504.0512695,1.147066236,504.0512695,0.983727932,504.0512695,0.8612155914,
502.9907532,-2.645465429E-5,502.9907532,1.475107789,502.9907532,1.099958777,502.9907532,0.9430425167,502.9907532,0.8248018026,
501.9299927,0.0001819647005,501.9299927,1.400927544,501.9299927,1.043710709,501.9299927,0.8945201635,501.9299927,0.7827787995,
501.0205994,5.995604079E-5,501.0205994,1.344609976,501.0205994,0.9970938563,501.0205994,0.8551567197,501.0205994,0.748292923,
499.9593811,-8.852098836E-5,499.9593811,1.270247102,499.9593811,0.9431285262,499.9593811,0.8080111742,499.9593811,0.7061903477,
499.0496216,-0.0001099496731,499.0496216,1.218879938,499.0496216,0.904440403,499.0496216,0.7743610144,499.0496216,0.6777627468,
497.9879761,-0.0001121753012,497.9879761,1.150446653,497.9879761,0.8523376584,497.9879761,0.7297191024,497.9879761,0.6385387182,
496.9261169,-0.0001791974646,496.9261169,1.082341433,496.9261169,0.8020389676,496.9261169,0.6855618954,496.9261169,0.5998152494,
496.0157471,-7.552868919E-5,496.0157471,1.028452396,496.0157471,0.7618839145,496.0157471,0.6523832083,496.0157471,0.5700478554,
494.9534607,-4.058730337E-5,494.9534607,0.9767342806,494.9534607,0.7211473584,494.9534607,0.6178482771,494.9534607,0.5401138067,
494.0427246,1.858652286E-5,494.0427246,0.9370034933,494.0427246,0.6926231384,494.0427246,0.5924670696,494.0427246,0.5185531974,
492.9799805,4.693379742E-5,492.9799805,0.8931572437,492.9799805,0.6599014997,492.9799805,0.5645342469,492.9799805,0.493050009,
492.0688782,1.348679871E-5,492.0688782,0.8600831628,492.0688782,0.6356196404,492.0688782,0.5438506007,492.0688782,0.4754590094,
491.0057068,-2.531573955E-5,491.0057068,0.8266502023,491.0057068,0.610329628,491.0057068,0.522110045,491.0057068,0.4564110041,
489.9423218,-4.933585296E-5,489.9423218,0.7934095263,489.9423218,0.5861843824,489.9423218,0.5018167496,489.9423218,0.4384005666,
489.0306396,6.554822176E-5,489.0306396,0.7690750957,489.0306396,0.5680461526,489.0306396,0.4860061109,489.0306396,0.4247123897,
487.9668274,-1.729148244E-5,487.9668274,0.7481544018,487.9668274,0.5524861217,487.9668274,0.4724464118,487.9668274,0.4129968584,
487.0547791,-8.821042138E-5,487.0547791,0.7318899632,487.0547791,0.5403881669,487.0547791,0.4619937837,487.0547791,0.4039407969,
485.9905396,-0.0001189556206,485.9905396,0.7113164067,485.9905396,0.5250335336,485.9905396,0.4489807487,485.9905396,0.3923755884,
484.9260559,-5.580656216E-5,484.9260559,0.6939124465,484.9260559,0.5123894215,484.9260559,0.4381237328,484.9260559,0.3830498159,
484.0134583,-0.0001230962225,484.0134583,0.6850986481,484.0134583,0.5057199001,484.0134583,0.4324124455,484.0134583,0.3779136539,
482.9485474,-7.019707118E-5,482.9485474,0.6766806841,482.9485474,0.4992405176,482.9485474,0.4270527065,482.9485474,0.3731799424,
482.0355835,-0.0001472661825,482.0355835,0.6717720032,482.0355835,0.495642513,482.0355835,0.4237844944,482.0355835,0.370467633,
480.9702454,-9.209250857E-5,480.9702454,0.6662630439,480.9702454,0.4919922948,480.9702454,0.4206312001,480.9702454,0.3676001132,
480.0569153,-6.641831715E-5,480.0569153,0.662260592,480.0569153,0.4887543619,480.0569153,0.4179939926,480.0569153,0.3652409911,
478.9911499,-0.0001107778153,478.9911499,0.6571310163,478.9911499,0.4850685298,478.9911499,0.4149344862,478.9911499,0.3627459705,
477.9251709,-0.0001209224065,477.9251709,0.6496748924,477.9251709,0.4799903333,477.9251709,0.410376817,477.9251709,0.3586535752,
477.0112915,-1.527245331E-5,477.0112915,0.6426006556,477.0112915,0.4743847251,477.0112915,0.4058167338,477.0112915,0.3547354043,
475.9449158,-7.438989996E-5,475.9449158,0.6301063895,475.9449158,0.4657331109,475.9449158,0.3978838325,475.9449158,0.3480989933,
475.0306702,2.013975063E-5,475.0306702,0.6150633693,475.0306702,0.4544473588,475.0306702,0.3885085285,475.0306702,0.3395908177,
473.9638672,-0.000144109159,473.9638672,0.5920259953,473.9638672,0.4377373457,473.9638672,0.37433514,473.9638672,0.3267353177,
473.0492554,-2.153659079E-5,473.0492554,0.5706781745,473.0492554,0.4216686785,473.0492554,0.3606328368,473.0492554,0.3152358532,
471.9820251,1.630819042E-6,471.9820251,0.5446021557,471.9820251,0.4020896256,471.9820251,0.3437952101,471.9820251,0.3004608154,
471.0670776,7.463565998E-5,471.0670776,0.5243399739,471.0670776,0.3875417113,471.0670776,0.3312910199,471.0670776,0.2892526388,
469.9994507,-9.799322288E-5,469.9994507,0.4961313605,469.9994507,0.3663198352,469.9994507,0.3132742345,469.9994507,0.2737255692,
468.9315796,-6.543479685E-5,468.9315796,0.4638946056,468.9315796,0.3426588774,468.9315796,0.2927635312,468.9315796,0.2560384274,
468.0160828,-7.904855011E-5,468.0160828,0.4353768528,468.0160828,0.3212823272,468.0160828,0.2747325897,468.0160828,0.2402506918,
466.9478149,-2.086359018E-5,466.9478149,0.4075237811,466.9478149,0.3008975387,466.9478149,0.2572674453,466.9478149,0.2251338959,
466.0319519,-4.866534709E-6,466.0319519,0.3872556686,466.0319519,0.285705626,466.0319519,0.2442421019,466.0319519,0.2136149108,
464.9632874,-8.05496602E-5,464.9632874,0.3632565439,464.9632874,0.268232286,464.9632874,0.2294180542,464.9632874,0.2004452348,
464.0470886,9.048088396E-5,464.0470886,0.3427464962,464.0470886,0.2529625893,464.0470886,0.2160426676,464.0470886,0.1889859438,
462.9779968,-3.929312152E-5,462.9779968,0.3191491365,462.9779968,0.2356322557,462.9779968,0.2013867944,462.9779968,0.1761769503,
462.0614624,3.94520066E-5,462.0614624,0.3031221628,462.0614624,0.2237941921,462.0614624,0.1911960244,462.0614624,0.1672151834,
460.9919434,-0.0001339133451,460.9919434,0.2854339778,460.9919434,0.2108456045,460.9919434,0.1802417636,460.9919434,0.157401666,
460.0750732,4.051343058E-5,460.0750732,0.2744912803,460.0750732,0.2028747648,460.0750732,0.1733461469,460.0750732,0.1516714245,
459.0051575,-8.329306002E-5,459.0051575,0.2599104941,459.0051575,0.191840753,459.0051575,0.1639313102,459.0051575,0.1434206367,
457.9350586,-3.54105614E-5,457.9350586,0.2430673391,457.9350586,0.1794257164,457.9350586,0.1533522457,457.9350586,0.1339139789,
457.0176392,3.546392236E-6,457.0176392,0.2300616503,457.0176392,0.1699634045,457.0176392,0.1452514231,457.0176392,0.1270961016,
455.947113,-6.502068572E-5,455.947113,0.2176594287,455.947113,0.1607824713,455.947113,0.1374821067,455.947113,0.1200628206,
455.0293579,2.252085096E-6,455.0293579,0.2082080692,455.0293579,0.1537006348,455.0293579,0.1314032525,455.0293579,0.1149490476,
453.9584351,-4.208854443E-5,453.9584351,0.1973781586,453.9584351,0.145617336,453.9584351,0.124574177,453.9584351,0.1088219807,
453.0403137,-3.830954302E-5,453.0403137,0.1881687194,453.0403137,0.1388946176,453.0403137,0.1187033281,453.0403137,0.1038284898,
451.9690247,-1.894811612E-5,451.9690247,0.1783685386,451.9690247,0.1317258179,451.9690247,0.1124988571,451.9690247,0.09835954756,
451.0505676,3.753481678E-6,451.0505676,0.171063453,451.0505676,0.1262068599,451.0505676,0.1079545021,451.0505676,0.09446195513,
449.9788513,-4.907702169E-5,449.9788513,0.1624631733,449.9788513,0.1198733076,449.9788513,0.1024646908,449.9788513,0.08960611373,
449.0600891,-1.811979928E-5,449.0600891,0.1569072455,449.0600891,0.1157551631,449.0600891,0.09896103293,449.0600891,0.08664400876,
447.9879761,-0.0001054466338,447.9879761,0.1492077112,447.9879761,0.1100916639,447.9879761,0.09411019832,447.9879761,0.08237048239,
447.0688477,-8.557058027E-5,447.0688477,0.1418785304,447.0688477,0.1047298908,447.0688477,0.08950205147,447.0688477,0.07835179567,
445.9963379,-0.0001201978012,445.9963379,0.1349040568,445.9963379,0.09961804748,445.9963379,0.08514391631,445.9963379,0.07463410497,
444.923645,2.648215377E-5,444.923645,0.1277073622,444.923645,0.09424624592,444.923645,0.08057462424,444.923645,0.07050648332,
444.0039978,-3.799893966E-5,444.0039978,0.1219474301,444.0039978,0.09007227421,444.0039978,0.07702548802,444.0039978,0.06744556129,
442.9309082,-1.48065219E-5,442.9309082,0.1150515974,442.9309082,0.08511248231,442.9309082,0.07255589217,442.9309082,0.06352327764,
442.0109558,-5.922305718E-5,442.0109558,0.108864218,442.0109558,0.0804919228,442.0109558,0.06866816431,442.0109558,0.0601926744,
440.937439,-3.245978951E-5,440.937439,0.1020541936,440.937439,0.07550491393,440.937439,0.0643908307,440.937439,0.05648026615,
440.0171509,-0.0001403310453,440.0171509,0.09662570804,440.0171509,0.0712787807,440.0171509,0.06089193001,440.0171509,0.05338714644,
438.9432678,-0.0001581344695,438.9432678,0.09047567099,438.9432678,0.06700263172,438.9432678,0.05697335303,438.9432678,0.05016214401,
438.022644,-0.0001218540419,438.022644,0.08648539335,438.022644,0.06390070915,438.022644,0.05451892689,438.022644,0.04786824435,
436.9483948,-4.426274973E-5,436.9483948,0.08152129501,436.9483948,0.06030618399,436.9483948,0.05158414319,436.9483948,0.04524764791,
436.0274353,-0.0001150220123,436.0274353,0.0767756626,436.0274353,0.05681704357,436.0274353,0.04861474037,436.0274353,0.04253340885,
434.9527893,-2.112243601E-5,434.9527893,0.07252328098,434.9527893,0.05360718071,434.9527893,0.0456590876,434.9527893,0.04023902118,
434.0315247,-8.179888937E-6,434.0315247,0.06911659241,434.0315247,0.05107724667,434.0315247,0.0435725078,434.0315247,0.03838738054,
432.9564819,-0.0001392441918,432.9564819,0.06560780853,432.9564819,0.04850933701,432.9564819,0.04155797139,432.9564819,0.0363006629,
432.0348816,-0.0001033762528,432.0348816,0.06315333396,432.0348816,0.04671579227,432.0348816,0.03981474787,432.0348816,0.03496481851,
430.9594727,-0.000119783741,430.9594727,0.05971296877,430.9594727,0.04430643097,430.9594727,0.03776276857,430.9594727,0.03314001113,
430.0375366,-6.67852828E-6,430.0375366,0.05723156407,430.0375366,0.0423514992,430.0375366,0.03615988791,430.0375366,0.0318140313,
428.9617615,-9.783793939E-5,428.9617615,0.05427358672,428.9617615,0.04027594253,428.9617615,0.03424809873,428.9617615,0.0302017238,
428.0395203,-0.0001066888581,428.0395203,0.05240098387,428.0395203,0.03875515237,428.0395203,0.03311922401,428.0395203,0.02913775481,
426.9633484,-9.059144213E-5,426.9633484,0.05026608706,426.9633484,0.03726508468,426.9633484,0.03183043748,426.9633484,0.02806445397,
426.0407715,9.318958405E-7,426.0407715,0.04873487726,426.0407715,0.03611009568,426.0407715,0.03074174561,426.0407715,0.02711956576,
424.9642334,-0.0001012023422,424.9642334,0.04700876027,424.9642334,0.03479317576,424.9642334,0.02968022227,424.9642334,0.02622256614,
424.0413513,-0.0001223716099,424.0413513,0.04568899423,424.0413513,0.03387314826,424.0413513,0.02890503593,424.0413513,0.02540622838,
422.964447,1.07169235E-5,422.964447,0.04469514638,422.964447,0.03312746435,422.964447,0.02820102684,422.964447,0.02491386235,
422.0412292,-0.0001186968293,422.0412292,0.04387350008,422.0412292,0.03252760693,422.0412292,0.02772239782,422.0412292,0.02446416952,
420.9639587,-0.0001436951279,420.9639587,0.04305983707,420.9639587,0.0319259055,420.9639587,0.02721720189,420.9639587,0.02398427762,
420.0404358,1.698152664E-5,420.0404358,0.04246284068,420.0404358,0.0314690657,420.0404358,0.02679799311,420.0404358,0.02371157147,
418.9627991,-0.0002007769217,418.9627991,0.04184810445,418.9627991,0.03095590882,418.9627991,0.0263541583,418.9627991,0.02335571311,
418.0389404,-0.0001904789533,418.0389404,0.04148704559,418.0389404,0.03063370474,418.0389404,0.02624582872,418.0389404,0.02310234867,
416.9609375,-8.189547952E-5,416.9609375,0.04130683094,416.9609375,0.03042236716,416.9609375,0.02588225715,416.9609375,0.02299826406,
416.0367737,-0.0001118129876,416.0367737,0.04084405676,416.0367737,0.03026322275,416.0367737,0.02585458942,416.0367737,0.02279423736,
414.9584045,-0.0001491293369,414.9584045,0.04070569575,414.9584045,0.03004407696,414.9584045,0.02560415678,414.9584045,0.02267353609,
414.0339355,-0.0002047097514,414.0339355,0.04043572769,414.0339355,0.03003994375,414.0339355,0.02554369718,414.0339355,0.02243455127,
412.9552002,-2.029412462E-5,412.9552002,0.04041044414,412.9552002,0.02981325611,412.9552002,0.02551462501,412.9552002,0.02240317874,
412.0303955,-5.746304669E-5,412.0303955,0.04040558636,412.0303955,0.0297698956,412.0303955,0.02544157952,412.0303955,0.02248239145,
410.9513245,-0.0001100531954,410.9513245,0.04020494223,410.9513245,0.02974979766,410.9513245,0.02526655421,410.9513245,0.02246380039,
410.0262146,-0.0001242866274,410.0262146,0.04028465971,410.0262146,0.02962595597,410.0262146,0.02523324639,410.0262146,0.02218736149,
408.9467468,-0.000218008674,408.9467468,0.04021687061,408.9467468,0.02983219363,408.9467468,0.02518869564,408.9467468,0.02230097912,
408.0213623,-2.971607501E-5,408.0213623,0.0404237099,408.0213623,0.0297770761,408.0213623,0.02542481013,408.0213623,0.02240958437,
406.9415283,1.812018127E-7,406.9415283,0.04048224166,406.9415283,0.02988168783,406.9415283,0.02555251122,406.9415283,0.02260934003,
406.0158386,2.630094059E-5,406.0158386,0.04038839787,406.0158386,0.02980704606,406.0158386,0.0254320018,406.0158386,0.02246112935,
404.9356689,-0.0001684849703,404.9356689,0.04036811367,404.9356689,0.02978034876,404.9356689,0.02525061369,404.9356689,0.02241004631,
404.0096436,-0.0001643965516,404.0096436,0.04059961066,404.0096436,0.02987797186,404.0096436,0.02560585923,404.0096436,0.02248637192,
402.9291382,-7.314758841E-5,402.9291382,0.04082844406,402.9291382,0.03018318862,402.9291382,0.02569461241,402.9291382,0.02271818556,
402.0028076,-3.722242764E-5,402.0028076,0.04098041356,402.0028076,0.03023261204,402.0028076,0.02577470429,402.0028076,0.02276703902,
401.076355,-6.274305633E-5,401.076355,0.04124813154,401.076355,0.03037411533,401.076355,0.02608859167,401.076355,0.02295912802,
399.9953003,-0.000121957557,399.9953003,0.04147144035,399.9953003,0.03058581799,399.9953003,0.02615267411,399.9953003,0.02305364795,
399.0685425,-4.027670002E-5,399.0685425,0.04181338847,399.0685425,0.03086098656,399.0685425,0.02650532685,399.0685425,0.02335634269,
397.9871521,8.659719606E-5,397.9871521,0.04224207252,397.9871521,0.03114258684,397.9871521,0.02675267495,397.9871521,0.0236788746,
397.0601196,-0.000185873243,397.0601196,0.04221862182,397.0601196,0.03102727234,397.0601196,0.02665880509,397.0601196,0.02357746847,
395.978363,-2.811125159E-5,395.978363,0.04249872267,395.978363,0.03146163374,395.978363,0.02679102682,395.978363,0.02376269735,
395.0510254,-7.418284804E-5,395.0510254,0.04265733063,395.0510254,0.03160164505,395.0510254,0.02707793377,395.0510254,0.02390577272,
393.9689331,-0.000171745327,393.9689331,0.04280754179,393.9689331,0.03169110417,393.9689331,0.02713783458,393.9689331,0.02404547669,
393.0412903,-6.999001926E-5,393.0412903,0.04332686588,393.0412903,0.03215079755,393.0412903,0.02753183246,393.0412903,0.02429194562,
391.9588623,-5.715245788E-5,391.9588623,0.04340558499,391.9588623,0.03222372383,391.9588623,0.02756680548,391.9588623,0.02455455437,
391.0309143,0.0001263936865,391.0309143,0.04347490519,391.0309143,0.03235165775,391.0309143,0.02774292603,391.0309143,0.02464602329,
389.9481201,-0.000131015011,389.9481201,0.04348617792,389.9481201,0.03211475536,389.9481201,0.02772339061,389.9481201,0.02452716231,
389.0198975,-0.0001521310769,389.0198975,0.04358140752,389.0198975,0.03238607198,389.0198975,0.02783192508,389.0198975,0.02465155907,
387.9367676,-9.085024794E-5,387.9367676,0.04348858073,387.9367676,0.03235536441,387.9367676,0.02784003876,387.9367676,0.02474883199,
387.0082397,-0.0001003741854,387.0082397,0.04353459179,387.0082397,0.03243800625,387.0082397,0.0278717801,387.0082397,0.02470742539,
385.9247742,-6.072423639E-5,385.9247742,0.04354838282,385.9247742,0.03230009601,385.9247742,0.02783523686,385.9247742,0.02483803965,
384.9959717,-1.37193465E-5,384.9959717,0.04353238642,384.9959717,0.03241820261,384.9959717,0.02800414898,384.9959717,0.02478728071,
384.0670166,-3.42716703E-5,384.0670166,0.04346875101,384.0670166,0.03251332417,384.0670166,0.02791003697,384.0670166,0.02487866394,
382.9830627,5.767776747E-5,382.9830627,0.04330652952,382.9830627,0.03230809793,382.9830627,0.02780082077,382.9830627,0.02499301545,
382.053833,-6.885121547E-5,382.053833,0.0431333892,382.053833,0.03229621798,382.053833,0.02803383209,382.053833,0.02490344457,
380.9695435,-0.0001739706349,380.9695435,0.04298149422,380.9695435,0.03224106506,380.9695435,0.02784246765,380.9695435,0.02480079234,
380.0400085,-0.0002683028288,380.0400085,0.04272587225,380.0400085,0.03203320876,380.0400085,0.02768473513,380.0400085,0.02475047484,
378.9553833,-3.929312152E-5,378.9553833,0.04250109196,378.9553833,0.03212239593,378.9553833,0.02770396508,378.9553833,0.02488422766,
378.0255737,-0.0002555746178,378.0255737,0.04224335775,378.0255737,0.03168826178,378.0255737,0.02752678469,378.0255737,0.02469660342,
376.9406128,-3.660121729E-5,376.9406128,0.04222678021,376.9406128,0.03192183748,376.9406128,0.02764991857,376.9406128,0.0247986,
376.0105286,-0.0001036868125,376.0105286,0.04192436114,376.0105286,0.03182085603,376.0105286,0.02734769136,376.0105286,0.0245349966,
374.9252625,-4.850759433E-5,374.9252625,0.04181156307,374.9252625,0.03180319443,374.9252625,0.02745648846,374.9252625,0.02471400239,
373.994873,-0.0001154878337,373.994873,0.04165200889,373.994873,0.03147179261,373.994873,0.02733933739,373.994873,0.02468040958,
373.0643616,-0.0002038817911,373.0643616,0.04109555483,373.0643616,0.03133466095,373.0643616,0.02729051746,373.0643616,0.02454096824,
371.9786072,-0.0002919473336,371.9786072,0.04092850164,371.9786072,0.0312456917,371.9786072,0.02728726529,371.9786072,0.02455214225,
371.047821,-0.0002907573944,371.047821,0.04058869556,371.047821,0.03090740182,371.047821,0.02714097686,371.047821,0.02443076111,
369.961731,5.410201084E-6,369.961731,0.04065535218,369.961731,0.0310210716,369.961731,0.02700030245,369.961731,0.02464468218,
369.0306702,-0.0002130927751,369.0306702,0.04004853219,369.0306702,0.03055285104,369.0306702,0.02693750151,369.0306702,0.02444716357,
367.9442444,-0.0001855627488,367.9442444,0.03992316872,367.9442444,0.03084825724,367.9442444,0.0267239064,367.9442444,0.02428406291,
367.0129089,-8.743399667E-5,367.0129089,0.03956549242,367.0129089,0.03070087731,367.0129089,0.02674042434,367.0129089,0.02438451163,
365.926178,1.812021537E-6,365.926178,0.03931394219,365.926178,0.03049439378,365.926178,0.02659445815,365.926178,0.02418626472,
364.9945374,-0.0003271271707,364.9945374,0.03881493211,364.9945374,0.02991859801,364.9945374,0.02655639872,364.9945374,0.02404725365,
364.0628052,-0.0001572546753,364.0628052,0.03867761418,364.0628052,0.03014023416,364.0628052,0.02642779797,364.0628052,0.02413038164,
362.9756165,-0.0001363458723,362.9756165,0.03842309862,362.9756165,0.02976169065,362.9756165,0.02639088035,362.9756165,0.02409300208,
362.0435791,-8.815866022E-5,362.0435791,0.03796847165,362.0435791,0.02977582999,362.0435791,0.02620477416,362.0435791,0.02387998253,
360.9560852,4.475914466E-5,360.9560852,0.03779044375,360.9560852,0.02960531041,360.9560852,0.02629653923,360.9560852,0.02396149002,
360.0237732,-0.0001854074944,360.0237732,0.03742625192,360.0237732,0.02927466482,360.0237732,0.02582928725,360.0237732,0.02375550568,
358.9359436,4.167660791E-6,358.9359436,0.03720292449,358.9359436,0.02920790762,358.9359436,0.02599280514,358.9359436,0.02384410053,
358.0033875,-0.0001048255217,358.0033875,0.03702569008,358.0033875,0.02908812277,358.0033875,0.02586939931,358.0033875,0.02382230572,
357.0707092,-0.0001009953048,357.0707092,0.03653591499,357.0707092,0.02898552828,357.0707092,0.02585288696,357.0707092,0.023732787,
355.9824219,-0.0001710725483,355.9824219,0.03635470197,355.9824219,0.02879753336,355.9824219,0.02555407584,355.9824219,0.02360857092,
355.0494385,-0.0001245454187,355.0494385,0.03592529148,355.0494385,0.02862416394,355.0494385,0.02568143047,355.0494385,0.02366159856,
353.9608459,-7.252642536E-5,353.9608459,0.03607490659,353.9608459,0.02896698751,353.9608459,0.02592094429,353.9608459,0.02397358045,
353.0276184,4.167660791E-6,353.0276184,0.03607282415,353.0276184,0.02871328779,353.0276184,0.02591679431,353.0276184,0.02402979881,
351.9387207,0.0002229094971,351.9387207,0.03579933941,351.9387207,0.02879255451,351.9387207,0.02606253326,351.9387207,0.02415142581,
351.0052185,-0.0001349484664,351.0052185,0.03589978814,351.0052185,0.02874520235,351.0052185,0.02589442953,351.0052185,0.02407423221,
350.0716248,-0.0002600243606,350.0716248,0.03572825342,350.0716248,0.0286984928,350.0716248,0.02586887591,350.0716248,0.02419888042,
348.9822693,-0.0001215434968,348.9822693,0.03562478349,348.9822693,0.0288865827,348.9822693,0.02602127753,348.9822693,0.02448868193,
348.0484009,-1.211446397E-5,348.0484009,0.03571543843,348.0484009,0.02891632542,348.0484009,0.02641572058,348.0484009,0.02453581803,
346.9587402,-0.0002217343572,346.9587402,0.03543111309,346.9587402,0.02889230847,346.9587402,0.0262747854,346.9587402,0.02459572442,
346.0245972,-8.588115452E-5,346.0245972,0.03548040614,346.0245972,0.02889518626,346.0245972,0.02645976469,346.0245972,0.0247626435,
344.9346313,-0.0001013576257,344.9346313,0.03540299833,344.9346313,0.0289054513,344.9346313,0.02659858577,344.9346313,0.02502005175,
344.0002441,-0.0002158870775,344.0002441,0.03529404476,344.0002441,0.02909457125,344.0002441,0.02663557604,344.0002441,0.02505789325,
343.0657349,-0.0001581344695,343.0657349,0.03528458253,343.0657349,0.02930188552,343.0657349,0.02678097785,343.0657349,0.02520024404,
341.9753113,-0.0001377432782,341.9753113,0.03538760915,341.9753113,0.02932833321,341.9753113,0.02695835009,341.9753113,0.02532261051,
341.0405579,-4.146734136E-5,341.0405579,0.03549268097,341.0405579,0.02960891277,341.0405579,0.02723357268,341.0405579,0.02560270019,
339.9498291,-0.0002674232528,339.9498291,0.035516195,339.9498291,0.0296340771,339.9498291,0.02744159847,339.9498291,0.02585670538,
339.014801,8.646774222E-5,339.014801,0.03567488492,339.014801,0.02987375855,339.014801,0.02770084888,339.014801,0.0261128936,
337.9237976,-0.0001538906945,337.9237976,0.03565409034,337.9237976,0.02983543836,337.9237976,0.02767353319,337.9237976,0.02632153779,
336.9885254,-3.302923869E-5,336.9885254,0.03569759056,336.9885254,0.02999875136,336.9885254,0.02788436599,336.9885254,0.02638812922,
336.0531311,0.000104229417,336.0531311,0.03599216044,336.0531311,0.03042056225,336.0531311,0.02851471305,336.0531311,0.02691510879,
334.9617004,-0.0003235575859,334.9617004,0.03597284108,334.9617004,0.0306046214,334.9617004,0.02825160697,334.9617004,0.02692191117,
334.0260315,2.769886851E-5,334.0260315,0.03654745966,334.0260315,0.03105018288,334.0260315,0.0290373899,334.0260315,0.02760018036,
332.9342957,-0.0003258855722,332.9342957,0.03654656187,332.9342957,0.03130166233,332.9342957,0.02929211035,332.9342957,0.0279101748,
331.9984131,-0.0001417801832,331.9984131,0.03746426105,331.9984131,0.03173407167,331.9984131,0.02973629721,331.9984131,0.02841054089,
331.0624084,-5.575479736E-5,331.0624084,0.03815163299,331.0624084,0.03248874843,331.0624084,0.03063198179,331.0624084,0.02895257063,
329.9702454,-8.588115452E-5,329.9702454,0.03911969811,329.9702454,0.03329319507,329.9702454,0.03134033456,329.9702454,0.02976740152,
329.0339661,-0.0001453512668,329.0339661,0.04010122269,329.0339661,0.0342348218,329.0339661,0.03198892996,329.0339661,0.03044821694,
327.9415283,-0.0002093670046,327.9415283,0.04168859497,327.9415283,0.0355164744,327.9415283,0.03325119242,327.9415283,0.03164777905,
327.0050354,-0.0001140903623,327.0050354,0.04355181754,327.0050354,0.03692917898,327.0050354,0.03462104127,327.0050354,0.03292965516,
326.0684204,-0.0001025998572,326.0684204,0.04538533464,326.0684204,0.03861335665,326.0684204,0.03600352257,326.0684204,0.03413752839,
324.9755249,-7.728862693E-5,324.9755249,0.04766343534,324.9755249,0.04037442058,324.9755249,0.03752233833,324.9755249,0.03572884575,
324.0386658,-0.0001534766634,324.0386658,0.04900817201,324.0386658,0.04142815247,324.0386658,0.03854013979,324.0386658,0.03652921319,
322.9455261,-3.924135672E-5,322.9455261,0.05079586804,322.9455261,0.04287485033,322.9455261,0.03988255933,322.9455261,0.0378196165,
322.0084229,-3.251155795E-5,322.0084229,0.05251384899,322.0084229,0.04425343126,322.0084229,0.04120025411,322.0084229,0.03901530057,
321.0711975,8.126365719E-5,321.0711975,0.05401422456,321.0711975,0.04548995197,321.0711975,0.04227151722,321.0711975,0.04001748189,
319.9776306,-5.125119424E-5,319.9776306,0.05529744178,319.9776306,0.04648406804,319.9776306,0.04329711944,319.9776306,0.04079693928,
319.0401611,-9.048791981E-5,319.0401611,0.056073118,319.0401611,0.04710142314,319.0401611,0.04385019094,319.0401611,0.04145047814,
317.9463196,-5.668657104E-5,317.9463196,0.05707917735,317.9463196,0.04822608829,317.9463196,0.04477512091,317.9463196,0.0421143882,
317.0086365,-0.0001910481951,317.0086365,0.0584496446,317.0086365,0.04925853014,317.0086365,0.0458741188,317.0086365,0.04318165034,
316.0708008,-0.0002908091119,316.0708008,0.05997058377,316.0708008,0.05049131811,316.0708008,0.04699829221,316.0708008,0.04446948692,
314.9765625,-7.066294347E-5,314.9765625,0.06199162826,314.9765625,0.05217408761,314.9765625,0.04870389402,314.9765625,0.04587394744,
314.0385132,-2.873247468E-5,314.0385132,0.06407543272,314.0385132,0.05372229218,314.0385132,0.05016301572,314.0385132,0.04721210897,
312.9440002,-0.0002708380634,312.9440002,0.06721371412,312.9440002,0.05617948622,312.9440002,0.05217399821,312.9440002,0.04920005053,
312.0057068,-0.0001935321488,312.0057068,0.07082229853,312.0057068,0.05906542391,312.0057068,0.05495752394,312.0057068,0.05167985335,
311.0673218,-8.086023445E-5,311.0673218,0.07425310463,311.0673218,0.06191302091,311.0673218,0.05735505745,311.0673218,0.05406596512,
309.9723816,-0.0002007769217,309.9723816,0.07859111577,309.9723816,0.06533072889,309.9723816,0.06052344292,309.9723816,0.0566377528,
309.033783,-0.0001303939353,309.033783,0.08189179003,309.033783,0.06797493249,309.033783,0.06277640164,309.033783,0.05880247429,
307.9385681,-3.044083132E-5,307.9385681,0.08634275943,307.9385681,0.07132481039,307.9385681,0.06571999937,307.9385681,0.06137485057,
306.9997253,0.0001194542856,306.9997253,0.09213966131,306.9997253,0.07570106536,306.9997253,0.06958380342,306.9997253,0.06469780207,
306.0607605,-0.000164189536,306.0607605,0.09704191238,306.0607605,0.07943654805,306.0607605,0.07277979702,306.0607605,0.06758496165,
304.9651489,-0.0001008917825,304.9651489,0.1044910401,304.9651489,0.08513049781,304.9651489,0.07775556296,304.9651489,0.07212530077,
304.0259705,-0.0001802324841,304.0259705,0.110410355,304.0259705,0.08976128697,304.0259705,0.08168513328,304.0259705,0.07548981905,
302.9301147,-4.074260141E-5,302.9301147,0.1202807575,302.9301147,0.09718581289,302.9301147,0.08829931915,302.9301147,0.08139467239,
301.9906921,-0.0001584449928,301.9906921,0.1319764555,301.9906921,0.1057124734,301.9906921,0.09572410583,301.9906921,0.08801860362,
301.051178,-2.220959323E-5,301.051178,0.1443305612,301.051178,0.1151309535,301.051178,0.1038395986,301.051178,0.09513378888,
299.9549255,3.106427175E-5,299.9549255,0.1614731401,299.9549255,0.1278160363,299.9549255,0.1147456393,299.9549255,0.1049923152,
299.0151672,-2.505689372E-5,299.0151672,0.1750762761,299.0151672,0.1381240785,299.0151672,0.1235669851,299.0151672,0.1126189455,
298.0753174,3.321296754E-5,298.0753174,0.1927012205,298.0753174,0.151386857,298.0753174,0.1349627227,298.0753174,0.1225935295,
296.9786987,0.0001678252738,296.9786987,0.2141523212,296.9786987,0.1673737764,296.9786987,0.1489524841,296.9786987,0.1349849999,
296.0386047,0.0002381903323,296.0386047,0.2351469249,296.0386047,0.1826179922,296.0386047,0.162022531,296.0386047,0.1467180997,
294.9417419,-6.921356544E-5,294.9417419,0.2585552633,294.9417419,0.2005045414,294.9417419,0.1770238727,294.9417419,0.1597898304,
294.0014343,-6.854063395E-5,294.0014343,0.2754025161,294.0014343,0.2127034217,294.0014343,0.1876616627,294.0014343,0.168901071,
293.0610352,-0.0001897544571,293.0610352,0.2977677584,293.0610352,0.2294605523,293.0610352,0.2018419206,293.0610352,0.1814947277,
291.9637756,-0.0001343274052,291.9637756,0.3240062892,291.9637756,0.2482448816,291.9637756,0.2180077285,291.9637756,0.1958786398,
291.0231323,-0.0001469556591,291.0231323,0.3439859152,291.0231323,0.2635823488,291.0231323,0.2312439382,291.0231323,0.2073160261,
289.9256287,-0.0001194731958,289.9256287,0.3738428652,289.9256287,0.2858047187,289.9256287,0.2505409718,289.9256287,0.223937571,
288.9847717,7.55876863E-6,288.9847717,0.4017347097,288.9847717,0.3063546419,288.9847717,0.2683632374,288.9847717,0.2398152053,
288.0438538,-9.183370275E-5,288.0438538,0.4430153966,288.0438538,0.3371767402,288.0438538,0.2946224809,288.0438538,0.26285851,
286.9459534,3.59816454E-6,286.9459534,0.4886399806,286.9459534,0.3710741997,286.9459534,0.3237420022,286.9459534,0.2884769142,
286.0047913,-0.000248020282,286.0047913,0.5198853612,286.0047913,0.393648833,286.0047913,0.3433521688,286.0047913,0.3059247732,
285.0635376,-8.650228847E-5,285.0635376,0.5392304063,285.0635376,0.4084067941,285.0635376,0.3558881581,285.0635376,0.3165898919,
283.9653015,-0.0002607487259,283.9653015,0.5533863902,283.9653015,0.4191066027,283.9653015,0.3651367426,283.9653015,0.3250563145,
283.0238342,-7.671923231E-5,283.0238342,0.5621365309,283.0238342,0.4257349968,283.0238342,0.3712037504,283.0238342,0.3302078247,
281.9253235,-0.0001578239608,281.9253235,0.5720405579,281.9253235,0.4328250587,281.9253235,0.3772898316,281.9253235,0.3357126117,
280.9836426,-0.0002795302426,280.9836426,0.5818904638,280.9836426,0.4407539666,280.9836426,0.3842182159,280.9836426,0.3418791592,
280.0418701,-0.0001196284647,280.0418701,0.5911861658,280.0418701,0.4477523565,280.0418701,0.390406698,280.0418701,0.3471339345,
278.9429932,-0.0001445232047,278.9429932,0.5998420119,278.9429932,0.4543203712,278.9429932,0.3962846398,278.9429932,0.3522205055,
278.0010071,-6.983472849E-5,278.0010071,0.602850318,278.0010071,0.4569726288,278.0010071,0.3983527422,278.0010071,0.3543651104,
277.0589294,-9.757914086E-5,277.0589294,0.6018283963,277.0589294,0.4563744068,277.0589294,0.3981431127,277.0589294,0.3541611135,
275.9596863,-0.0002601278247,275.9596863,0.5964177251,275.9596863,0.4526558816,275.9596863,0.3949480355,275.9596863,0.3516069651,
275.017395,-0.0002611626405,275.017395,0.5889202356,275.017395,0.4468957782,275.017395,0.3902368844,275.017395,0.3477555215,
274.0750122,-6.72465394E-5,274.0750122,0.5804334879,274.0750122,0.440800041,274.0750122,0.3849571645,274.0750122,0.3432095647,
272.9754333,-0.0001592730405,272.9754333,0.567708075,272.9754333,0.4317452013,272.9754333,0.3775369227,272.9754333,0.3363792002,
272.0328674,-0.0002924129658,272.0328674,0.5577023029,272.0328674,0.4242030382,272.0328674,0.3709494174,272.0328674,0.3307269812,
270.9330444,-0.0001705032919,270.9330444,0.5486704707,270.9330444,0.4172790051,270.9330444,0.3651745617,270.9330444,0.3259187639,
269.9902344,-0.0003408361808,269.9902344,0.5408663154,269.9902344,0.4117427766,269.9902344,0.3605296612,269.9902344,0.321655035,
269.0473633,-0.0002401553793,269.0473633,0.5330935121,269.0473633,0.4058611691,269.0473633,0.3553771377,269.0473633,0.3172983825,
267.9472046,-0.0002394309704,267.9472046,0.5167317986,267.9472046,0.3942952454,267.9472046,0.3456376791,267.9472046,0.308560133,
267.0040894,-0.0001770239469,267.0040894,0.5037893653,267.0040894,0.3844073415,267.0040894,0.3370288908,267.0040894,0.3010313809,
266.0609131,-6.429598579E-5,266.0609131,0.4943904877,266.0609131,0.3772292137,266.0609131,0.330989033,266.0609131,0.2960315645,
264.9604187,-0.0004180641845,264.9604187,0.482277751,264.9604187,0.3687043488,264.9604187,0.3234106302,264.9604187,0.28940323,
264.0170288,-0.0004507513368,264.0170288,0.4683104753,264.0170288,0.3580851853,264.0170288,0.3145146668,264.0170288,0.2816756964,
263.0735474,-5.735951709E-5,263.0735474,0.4545547664,263.0735474,0.3481291234,263.0735474,0.3060516417,263.0735474,0.2739419639,
261.9727173,-0.0002362228697,261.9727173,0.4432255328,261.9727173,0.3397321403,261.9727173,0.2985627949,261.9727173,0.267557919,
261.0290527,-0.000179973722,261.0290527,0.4348874688,261.0290527,0.3334813714,261.0290527,0.2933754027,261.0290527,0.2629083991,
259.9279785,-0.0002117991098,259.9279785,0.4282795191,259.9279785,0.3284672499,259.9279785,0.2892279029,259.9279785,0.2592658699,
258.9841003,-0.0002896191727,258.9841003,0.4195014834,258.9841003,0.3221162558,258.9841003,0.2836915851,258.9841003,0.2542870045,
258.0401611,-3.556586307E-5,258.0401611,0.4029030204,258.0401611,0.3100353479,258.0401611,0.2731859088,258.0401611,0.2454495728,
256.9387512,-0.0003791674098,256.9387512,0.3873060048,256.9387512,0.2982897758,256.9387512,0.2635268271,256.9387512,0.2367129922,
255.9945984,-0.000568652933,255.9945984,0.3771680295,255.9945984,0.2904012501,255.9945984,0.257001549,255.9945984,0.231170103,
255.050354,-0.0001849417458,255.050354,0.3707686961,255.050354,0.2859775126,255.050354,0.2532554269,255.050354,0.2281434834,
253.9486389,-0.0004504410317,253.9486389,0.3649771512,253.9486389,0.2819188237,253.9486389,0.2495725155,253.9486389,0.2244140506,
253.0041962,-0.0003862539306,253.0041962,0.358735323,253.0041962,0.2775873542,253.0041962,0.2456275374,253.0041962,0.2213744521,
252.0596771,-0.0003509754024,252.0596771,0.3533805907,252.0596771,0.2739822567,252.0596771,0.2424026132,252.0596771,0.2188671827,
250.9576263,-0.0004468724655,250.9576263,0.347148627,250.9576263,0.2692372203,250.9576263,0.239040643,250.9576263,0.2152681947,
250.0129242,-0.000301156455,250.0129242,0.3470155299,250.0129242,0.2691254616,250.0129242,0.2387597114,250.0129242,0.2155077159,

Baseline,
Baseline
Collection Time: 28.05.2026 16:28:45
Operator Name  :
Scan Software Version: 3.00(182)
Parameter List :
Instrument                        Cary 50
Instrument Version                3.00
Start (nm)                        600.0
Stop (nm)                         250.0
X Mode                            Nanometers
Y Mode                            Abs
UV-Vis Scan Rate (nm/min)         600.00
UV-Vis Data Interval (nm)         1.00
UV-Vis Ave. Time (sec)            0.1000
Beam Mode                         Dual Beam
Baseline Correction               On
Baseline Type                     Baseline correction
Baseline File Name
Baseline Std Ref File Name
Cycle Mode                        Off
Comments
Method Log     :
Method Name    : Default
Date/Time stamp: 28.05.2026 16:24:49
Method Modifications:
Cell Changer 6x6 Changed: 28.05.2026 16:24:49, Old:1, New:0
UVVIS SAT Changed: 28.05.2026 16:25:07, Old:0.0125, New:0.1000
NIR SAT Changed: 28.05.2026 16:25:07, Old:0.0125, New:0.1000
Common SAT Changed: 28.05.2026 16:25:07, Old:0.0125, New:0.1000
Baseline Correction Changed: 28.05.2026 16:25:10, Old:0, New:1
Temp Controller Changed: 28.05.2026 16:25:10, Old:0, New:2
Sipper Type Changed: 28.05.2026 16:25:10, Old:Internal RSA, New:External sipper
End Method Modifications
<Current Wavelength> , 250.0

Sample,
Sample
Collection Time: 28.05.2026 16:30:49
Operator Name  :
Scan Software Version: 3.00(182)
Parameter List :
Instrument                        Cary 50
Instrument Version                3.00
Start (nm)                        600.0
Stop (nm)                         250.0
X Mode                            Nanometers
Y Mode                            Abs
UV-Vis Scan Rate (nm/min)         600.00
UV-Vis Data Interval (nm)         1.00
UV-Vis Ave. Time (sec)            0.1000
Beam Mode                         Dual Beam
Baseline Correction               On
Baseline Type                     Baseline correction
Baseline File Name
Baseline Std Ref File Name
Cycle Mode                        Off
Comments
Method Log     :
Method Name    : Default
Date/Time stamp: 28.05.2026 16:24:49
Method Modifications:
Cell Changer 6x6 Changed: 28.05.2026 16:24:49, Old:1, New:0
UVVIS SAT Changed: 28.05.2026 16:25:07, Old:0.0125, New:0.1000
NIR SAT Changed: 28.05.2026 16:25:07, Old:0.0125, New:0.1000
Common SAT Changed: 28.05.2026 16:25:07, Old:0.0125, New:0.1000
Baseline Correction Changed: 28.05.2026 16:25:10, Old:0, New:1
Temp Controller Changed: 28.05.2026 16:25:10, Old:0, New:2
Sipper Type Changed: 28.05.2026 16:25:10, Old:Internal RSA, New:External sipper
End Method Modifications
<Current Wavelength> , 250.0

Sample2,
Sample2
Collection Time: 28.05.2026 16:32:32
Operator Name  :
Scan Software Version: 3.00(182)
Parameter List :
Instrument                        Cary 50
Instrument Version                3.00
Start (nm)                        600.0
Stop (nm)                         250.0
X Mode                            Nanometers
Y Mode                            Abs
UV-Vis Scan Rate (nm/min)         600.00
UV-Vis Data Interval (nm)         1.00
UV-Vis Ave. Time (sec)            0.1000
Beam Mode                         Dual Beam
Baseline Correction               On
Baseline Type                     Baseline correction
Baseline File Name
Baseline Std Ref File Name
Cycle Mode                        Off
Comments
Method Log     :
Method Name    : Default
Date/Time stamp: 28.05.2026 16:24:49
Method Modifications:
Cell Changer 6x6 Changed: 28.05.2026 16:24:49, Old:1, New:0
UVVIS SAT Changed: 28.05.2026 16:25:07, Old:0.0125, New:0.1000
NIR SAT Changed: 28.05.2026 16:25:07, Old:0.0125, New:0.1000
Common SAT Changed: 28.05.2026 16:25:07, Old:0.0125, New:0.1000
Baseline Correction Changed: 28.05.2026 16:25:10, Old:0, New:1
Temp Controller Changed: 28.05.2026 16:25:10, Old:0, New:2
Sipper Type Changed: 28.05.2026 16:25:10, Old:Internal RSA, New:External sipper
End Method Modifications
<Current Wavelength> , 250.0

Sample3,
Sample3
Collection Time: 28.05.2026 16:34:33
Operator Name  :
Scan Software Version: 3.00(182)
Parameter List :
Instrument                        Cary 50
Instrument Version                3.00
Start (nm)                        600.0
Stop (nm)                         250.0
X Mode                            Nanometers
Y Mode                            Abs
UV-Vis Scan Rate (nm/min)         600.00
UV-Vis Data Interval (nm)         1.00
UV-Vis Ave. Time (sec)            0.1000
Beam Mode                         Dual Beam
Baseline Correction               On
Baseline Type                     Baseline correction
Baseline File Name
Baseline Std Ref File Name
Cycle Mode                        Off
Comments
Method Log     :
Method Name    : Default
Date/Time stamp: 28.05.2026 16:24:49
Method Modifications:
Cell Changer 6x6 Changed: 28.05.2026 16:24:49, Old:1, New:0
UVVIS SAT Changed: 28.05.2026 16:25:07, Old:0.0125, New:0.1000
NIR SAT Changed: 28.05.2026 16:25:07, Old:0.0125, New:0.1000
Common SAT Changed: 28.05.2026 16:25:07, Old:0.0125, New:0.1000
Baseline Correction Changed: 28.05.2026 16:25:10, Old:0, New:1
Temp Controller Changed: 28.05.2026 16:25:10, Old:0, New:2
Sipper Type Changed: 28.05.2026 16:25:10, Old:Internal RSA, New:External sipper
End Method Modifications
<Current Wavelength> , 250.0

Sample4,
Sample4
Collection Time: 28.05.2026 16:35:52
Operator Name  :
Scan Software Version: 3.00(182)
Parameter List :
Instrument                        Cary 50
Instrument Version                3.00
Start (nm)                        600.0
Stop (nm)                         250.0
X Mode                            Nanometers
Y Mode                            Abs
UV-Vis Scan Rate (nm/min)         600.00
UV-Vis Data Interval (nm)         1.00
UV-Vis Ave. Time (sec)            0.1000
Beam Mode                         Dual Beam
Baseline Correction               On
Baseline Type                     Baseline correction
Baseline File Name
Baseline Std Ref File Name
Cycle Mode                        Off
Comments
Method Log     :
Method Name    : Default
Date/Time stamp: 28.05.2026 16:24:49
Method Modifications:
Cell Changer 6x6 Changed: 28.05.2026 16:24:49, Old:1, New:0
UVVIS SAT Changed: 28.05.2026 16:25:07, Old:0.0125, New:0.1000
NIR SAT Changed: 28.05.2026 16:25:07, Old:0.0125, New:0.1000
Common SAT Changed: 28.05.2026 16:25:07, Old:0.0125, New:0.1000
Baseline Correction Changed: 28.05.2026 16:25:10, Old:0, New:1
Temp Controller Changed: 28.05.2026 16:25:10, Old:0, New:2
Sipper Type Changed: 28.05.2026 16:25:10, Old:Internal RSA, New:External sipper
End Method Modifications
<Current Wavelength> , 250.0

